language,title,author,lyrics
indonesia,"Agungkan Allahmu, Junjungan Abraham",Thomas Olivers,"Agungkan Allahmu, junjungan Abraham,
Yang takhta rahmat-Nya teguh, Sang Raja Am!
Yang Ada, Yang Esa, dipuji, disembah
di surga dan di dunia selamanya!

Agungkan Allahmu, junjungan Abraham,
dan sumber sukacitaku, tempat tenteram.
Kutolak dunia dan harkat yang semu;
Allahku harta yang baka, Perisaiku!

Terjamin janji-Nya dan itu kupegang:
di sayap rajawalilah ku masuk terang.
Kelak tampak wajah-Nya, kupuji kuasa-Nya,
dan menyanyikan rahmat-Nya selamanya.

Di negeri baka bertakhta Pemenang,
Sang Raja Damai Dialah dan Raja Terang.
Kekal kuasa-Nya di Sion yang cerlang
bersama orang suci-Nya yang telah menang.

Yang sudah ditebus memuji Tuhannya,
""Sang Bapa, Putra, Roh Kudus terpujilah!""
Ya, Allah Abraham, Kau juga Allahku;
ku sujud dan penuh iman memuji-Mu."
indonesia,Ajarku dan Pimpinku,Will H. Houghton,"Ajarku dan pimpinku
membawa jiwa pada-Mu.
Banyaklah dalam dosa
sesat terbelenggu.
Siapa yang peduli,
siapa yang berdoa?
Sekarang kubawa jiwa,
hatiku gerakkanlah."
english,Lead Me,Will H. Houghton,"Lead me to some soul today,
O teach me, Lord, just what to say.
Friends of mine are lost in sin
and cannot find their way.
Few there are who seem to care
and few there are who pray.
Melt my heart and fill my life,
give me one soul today."
indonesia,Aku Milik Tuhan,Stephen Tong,"Aku milik Tuhan, selama-lamanya,
Sebelum dunia jadi, Ia telah memilih daku.
Dia mati dan bangkit menebus jiwa daku,
Aku milik Hu, tak berubah selamanya.

Aku milik Tuhan, selama-lamanya,
Dunia berguncanglah, hatiku tak kan gentar.
Sandar firman Tuhan, aku berpengharapan,
Aku milik Hu, tak berubah selamanya.

Aku milik Tuhan, selama-lamanya,
Roh Hu memeteraiku sampai ku jumpa Bapa.
Ia kuatkan, Ia hibur, Ia tak pernah tinggalkan,
Aku milik Hu, tak berubah selamanya."
indonesia,Allah Hadir,J. L. Black,"Dengan kuasa Roh Kudus-Nya,
Tuhan memberi berkat.
Tuhan hadir pada kita,
Lihat awan kasih-Nya.
Kami sujud dan berdoa, menanti suara-Mu.
Baharui hati kami, O curahkan anugerah.

Dalam tempat kudus ini,
kami rasa hadir-Nya.
Tuhan hadir dalam kita,
jiwa kami segarlah.

Kami bawa persembahan
ke hadirat-Mu, Tuhan.
Kasih-Mu sekarang nyalakan,
membakar hati kami.

Dengarkan, O Juruselamat,
doa kami naikkan.
Dari takhta karunia
curahkanlah anugerah."
english,God Is Here And That To Bless Us,J. L. Black,"God is here, and that to bless us
with the Spirit's quickening power.
See, the cloud already bending,
Waits to drop the grateful shower.
Let it come, O Lord, we pray Thee,
let the shower of blessing fall.
We are waiting, we are waiting,
Oh, revive the hearts of all.

God is here! we feel His presence
in this consecrated place.
But we need the soul refreshing
Of His free, unbounded grace.

God is here! oh, then, believing,
Bring to Him our one desire,
That His love may now be kindled,
Till its flame each heart inspire.

Savior, grant the prayer we offer,
while in simple faith we bow.
From the windows of Thy mercy,
Pour us out a blessing now."
indonesia,Allah Panggil Kaum Muda,Stephen Tong,"Allah panggil kaum muda masa kalut ini,
menjadi laskar Allah berserah jiwa raga,
yang harap kuasa baru, bukan hasrat diri;
Allah panggil kaum muda yang digerakkan-Nya.

Allah panggil kaum muda yang berhati berani,
berkorban untuk Yesus dan setia hati,
yang tak menyebut Tuhan dengan bibir saja;
Allah panggil kaum muda yang digerakkan-Nya.

Allah panggil kaum muda yang tak sayang diri,
rela serahkan hidupnya pada yang telah memberi,
supaya dibangunkan Kerajaan Allah;
Allah panggil kaum muda yang digerakkan-Nya."
english,Be Still For The Presence of The Lord,D. Evans,"Be still for the presence of the Lord
The Holy One is here
Come, bow before Him now
With reverence and fear
In Him no sin is found
We stand on holy ground
Be still for the presence of the Lord
The Holy One is here.

Be still for the glory of the Lord
Is shining all around
He burns with holy fire
With splendour He is crowned
How awesome is the sight
Our radiant King of light
Be still for the glory of the Lord
Is shining all around.

Be still for the power of the Lord
Is moving in this place
He comes to cleanse and heal
To minister His grace
No work too hard for Him
In faith receive from Him
Be still for the power of the Lord
is moving in this place."
indonesia,Amin,Sigismund Neukomm,"Amin,
Amin,
Amin.
Amin."
english,Before The Throne of God Above,Charitie Lees de Chenez,"Before the throne of God above,
I have a strong and perfect plea,
a great High Priest whose name is Love,
who ever lives and pleads for me.
My name is graven on His hands,
my name is written on His heart.
I know that while in heav'n He stands,
no tongue can bid me thence depart,
no tongue can bid me thence depart.

When Satan tempts me to despair,
and tells me of the guilt within,
upward I look and see Him there,
who made an end of all my sin.
Because the sinless Savior died,
my sinful soul is counted free.
For God, the just is satisfied,
to look on Him and pardon me,
to look on Him and pardon me.

Behold Him there! the risen Lamb!
my perfect, spotless righteousness,
the great unchangeable ""I AM"",
the King of glory and of grace!
One with Himself, I cannot die;
my soul is purchased by His blood,
my life is hid with Christ on high,
with Christ, my Savior and my God,
with Christ, my Savior and my God."
indonesia,Beban Terlepas di Kalvari,John M. Moore,"Hariku penuh khawatir, dan jiwaku penat.
Beban terlepas di kalvari, Yesus amat dekat.
Beban terlepas di Kalvari, Kalvari, Kalvari.
Beban terlepas di Kalvari, Yesus amat dekat.

Serahkan bimbangmu pada-Nya, dan segala takutmu.
Beban terlepas di kalvari, Yesus amat dekat.
Beban terlepas di Kalvari, Kalvari, Kalvari.
Beban terlepas di Kalvari, Yesus amat dekat.

Kau yang cucurkan air mata, Tuhan melihatnya.
Beban terlepas di kalvari, Yesus amat dekat.
Beban terlepas di Kalvari, Kalvari, Kalvari.
Beban terlepas di Kalvari, Yesus amat dekat."
indonesia,"Berdiamlah, Berdiamlah",Fanny J. Crosby,"Berdiamlah, berdiamlah, sembah sujud Dia.
Berdiamlah, terimalah sabda yang mulia.

Berjalan perlahan, Tuhan di sini.
Berjalan perlahan, sujud berbakti.

Berdiamlah, berdiamlah di tempat kudus.
Dengarlah firman Hu yang suci hidup."
indonesia,Beritakan Injil Selamanya,Stephen Tong,"Kasih Tuhan mendorong daku
memberitakan Injil-Nya,
pada umat yang hidup dalam dosa,
menghantar mereka pada Hu.
Hanyalah Kristus
Juruselamat yang hidup.
Kasih Tuhan mendorong daku
beritakan Injil-Nya selamanya."
indonesia,Umat-Nya Pujilah,Christian H. Bateman,"Umat-Nya pujilah, haleluya! Amin!
Pada Kristus Raja, haleluya! Amin!
Bersama bernyanyi di depan takhta-Nya,
pastilah berkenan, haleluya! Amin!

Pandanglah Tuhanmu, haleluya! Amin!
Pujilah pada-Nya, haleluya! Amin!
Gembala, Sobatku, turun dari surga,
kekallah kasih-Nya, haleluya! Amin!

Pujilah Sang Kristus, haleluya! Amin!
Gemarlah jiwamu, haleluya! Amin!
Di surga mulia sembahlah pada-Nya,
selamanya puji Dia, haleluya! Amin!"
indonesia,Bila Kerjaku Selesai,Fanny J. Crosby,"Jikalau pekerjaanku di sini telah lengkap,
ku akan pulang ke negeri yang terang.
Pertama ku tentu merasa girang dan senang
karena Tuhan sambut dengan senyuman.
Kukenal Dia, tentu kenal,
dengan bekas paku di tangan-Nya.
Tentu senang di negeri terang
bersama Juruselamat yang menang.

Sahabat dan kekasih yang telah pulang ke sana,
ku kan jumpa mereka di rumah Bapa.
Namun yang utama ku kan berjumpa dengan Dia,
Tuhanku yang ku rindu selamanya.

Pastilah Tuhan hantarku ke negeri yang baka
dengan jubah putih yang tanpa noda.
Di sana tangisan dan keluh kesah lenyaplah,
diganti dengan suka dan bahagia."
indonesia,Penuhi Daku,Oswald J. Smith,"Jika kudukakan Roh-Mu,
atau ragu kuasa-Mu,
Tuhan ampuni dosaku,
sucikanlah hatiku.

Oh! Tuhan dengar doaku
di hadapan mezbah-Mu.
Ampuni, sucikan daku,
penuhi dengan Roh-Mu.

Ku datang dan mohon Tuhan,
pada-Mu semua kuserah.
Ku sandar sepenuh Tuhan,
ku milik-Mu selamanya."
indonesia,Bangkitkan Jiwaku,B. B. Mckinney,"Ku datang pada-Mu, Tuhanku,
ku bersandar pada Firman-Mu.
Dengarlah doaku yang hina
dan bangkitkan jiwaku yang lesu.

Oh Tuhan, bangkitkan jiwaku.
Oh Tuhan, bangkitkan jiwaku.
Datanglah Roh Kudus, kuasai daku,
dan bangkitkan jiwaku yang lesu.

Berilah Roh-Mu dalam hatiku,
bakarlah cemar dan dosaku.
Biarlah pekerjaan-Mu jadi,
oh, bangkitkan jiwaku yang lesu.

Bangkitkanlah aku ya Tuhan,
agar ku sukacita dalam Hu.
Beriku kekuatan dan kemenangan,
bangkitkan jiwaku yang lesu.

Ajarlah ku pergi mencari
jiwa yang tersesat dan hilang,
dan pimpin mereka pada Tuhan;
bangkitkan jiwaku yang lesu."
indonesia,Penebus yang Mulia,Avis M. Christiansen,"Yesus tersalib di Golgota,
derita sengsara bagi kita.
Segala dosa ditanggung-Nya
tuk selamatkanku yang berdosa.

Juruselamatku, Juruselamatku,
Maha Suci, Kau mati disalib.
Darah tercurah karena dosaku,
jadi tebusan penuh rahmat.

""Bapa, ampuni dosa mereka,""
Ia berdoa bagi kita.
Darah tercurah selamatkanku,
besar kasih-Nya kepadaku.

Kucinta Tuhan, Sobat setia,
penuh bersyukur muliakan Dia.
Bibir lidahku puji selalu
akan Nama-Mu dan kasih Hu."
indonesia,Imanku Menengadah,Ray Palmer,"Imanku menengadah,
pada Domba Allah,
Juruselamat.
Dengarlah doaku,
hapuslah dosaku,
dari hari ini ku milik-Mu.

Anugerah-Mu diberi,
kekuatan di hati,
ku berbakti.
Bagiku Kau mati,
Engkau kukasihi,
tetap rajin suci hidup berapi.

Sampai ajalku pun,
jiwaku dihimpun,
oleh Tuhan.
Kuharap tak bimbang,
hati senang tenang,
ku menjelang terang keselamatan."
indonesia,Rohku Tenang,Katharina von Schlegel,"Rohku tenang! Tuhan besertaku,
salib susah, sabar ku memikul.
Ku bersandar karena Ia pimpinku,
hanyalah Dia yang sungguh setia.
Rohku tenang, Ia sobatku yang baik,
jalan berduri pun kulewati.

Rohku tenang! Ia tanggung bebanku,
pimpinan-Nya tak pernah berubah.
jangan biarkan imanmu bergoncang,
yang ku tak tahu kelak pasti terang.
Rohku tenang, badai pun taat Dia,
ombak dahsyat sekejap tenanglah.

Rohku tenang! Saat ku berduka,
Air mata dan gelap menimpa,
Kesedihan, khawatir melanda,
Ketahuilah kasih-Nya kuatkanmu.
Rohku tenang, sambutlah Tuhanmu,
Yesus memberi kelegaan pasti.

Rohku tenang! Waktu cepat lewat,
suatu saat ku kan bersama-Nya;
takut, gentar, semuanya kan lenyap,
deritaku akan kulupakan.
Rohku tenang, Ia hapus air mata,
tinggal serta Tuhan selamanya."
english,Be Still My Soul,Katharina von Schlegel,"Be still, my soul; the Lord is on thy side.
Bear patiently the cross of grief or pain.
Leave to thy God to order and provide;
In every change, He faithful will remain.
Be still, my soul; thy best, thy heavenly Friend
Through thorny ways leads to a joyful end.

Be still, my soul; thy God doth undertake
to guide the future as He has the past.
Thy hope, thy confidence let nothing shake;
All now mysterious shall be bright at last.
Be still, my soul; the waves and winds still know
His voice Who ruled them while He dwelt below.

Be still, my soul; though dearest friends depart,
And all is darkened in the vale of tears,
Then shalt thou better know His love, His heart,
who comes to soothe thy sorrows and thy fears.
Be still, my soul; thy Jesus can repay
From His own fullness all He takes away.

Be still, my soul; the hour is hastening on
when we shall be forever with the Lord;
When disappointment, grief, and fear are gone,
Sorrow forgot, love's purest joys restored.
Be still, my soul; when change and tears are past,
All safe and blessed we shall meet at last."
indonesia,Berita Natal,Old English Carol,"Berita Natal dikabarkan
oleh malak surga pada gembala,
yang menjaga kawanan domba
di malam gelap di Efrata.

Natal, Natal, Natal, Natal,
Raja surga telah lahirlah.

Orang Majus melihat bintang
yang sedang bersinar terang benderang.
Bintang Terang terus bersinar
ke bumi pancarkan cahaya.

Orang Majus dari jauh datang,
ikut tuntunan bintang yang terang.
Mereka ingin bertemu Raja
yang telah lahir ke dunia.

Bintang itu terus berjalan
melewati kota Betlehem.
Bintang itu sekarang berhenti
Di tempat Yesus berbaring.

Dan masuklah orang majus,
sujud menyembah Sang Bayi mulia.
Emas, mur, dan kemenyan dipersembahkan
pada Yesus, Raja yang lahir.

Umat semua bernyanyilah,
puji Raja segala raja.
Langit, bumi, dan isinya
telah ditebus oleh darah-Nya."
indonesia,Kiranya Langit Terbelah,Friedrich von Spee,"Kiranya langit terbelah;
ya Juruselamat, datanglah,
bukalah surga segera,
buanglah palang pintunya.

O, turun seperti embun,
sirami ladang bumi-Mu;
curahkanlah anugerah,
Raja yang adil, datanglah!

Hai bumi, kau terbukalah!
Gunung, lembah, menghijaulah,
agar darimu bersemi
bunga Selamat abadi.

Engkau dinanti dunia,
kedatangan-Mu kapankah?
Dari takhta-Mu turunlah,
hiburkan kami yang resah.

Ya, Surya pagi yang cerah,
biar fajar-Mu merekah;
mari, terbitlah cemerlang,
halaulah kabut yang kelam.

Dirundung duka kemelut,
kami menghadap pintu maut.
Umat-Mu, Tuhan, tuntunlah
ke negeri sejahtera.

Di sana kami bersyukur,
memuliakan nama-Mu,
ya, Penebus manusia,
sampai selama-lamanya!"
indonesia,Hadir Kau?,Negro Spiritual,"Hadir kau waktu Tuhan disalib?
Hadir kau waktu Tuhan disalib?
O! Itu membuat aku gentar, gentar, gentar.
Hadir kau waktu Tuhan disalib?

Hadir kau waktu Tuhan dipaku?
Hadir kau waktu Tuhan dipaku?
O! Itu membuat aku gentar, gentar, gentar.
Hadir kau waktu Tuhan dipaku?

Hadir kau waktu Tuhan dikubur?
Hadir kau waktu Tuhan dikubur?
O! Itu membuat aku gentar, gentar, gentar.
Hadir kau waktu Tuhan dikubur?"
indonesia,Kau Allah Benteng Yang Baka,Isaac Watts,"Kau Allah, benteng yang baka,
suaka yang teguh;
Dahulu dan selamanya
harapan umat-Mu.

Di bawah bayang takhta-Mu
umat-Mu tenteramlah;
Kau pertahanan yang teguh,
jiwaku tenanglah.

Sebelum bumi berbentuk
dan gunung berdiri;
Engkaulah Tuhan yang kekal
tetap selamanya.

Seluruh masa berlalu
dari hadapan-Mu;
Singkat, lenyap dan berlalu,
sebelum fajar tiba.

Daging dan darah mengejar
perkara yang fana;
Di arus waktu sebentar,
lenyap semuanya.

Kau Allah, benteng yang baka,
suaka yang teguh;
Penolong saat terdesak,
harapan umat-Mu."
english,O God Our Help In Ages Past,Isaac Watts,"O God, our help in ages past,
Our hope for years to come,
Our shelter from the stormy blast,
And our eternal home.

Under the shadow of Thy throne
Thy saints have dwelt secure;
Sufficient is Thine arm alone,
And our defence is sure.

Before the hills in order stood,
Or earth received her frame,
From everlasting Thou art God,
To endless years the same.

A thousand ages in Thy sight
Are like an evening gone;
Short as the watch that ends the night
Before the rising sun.

Time, like an ever-rolling stream,
Bears all its sons away;
They fly forgotten, as a dream
Dies at the opening day.

O God, our help in ages past,
Our hope for years to come,
Be Thou our guard while life shall last,
And our eternal home."
indonesia,"Hai Umat, Nyanyilah",Valentin Ernst Loescher,"Hai umat, nyanyilah, rayakan hari ini!
Mujizat Allahmu masyhurkanlah di sini!
Telah turun Roh Kudus membangunkan umat-Nya,
kiranya sekarang, semua tergerak.

Ya Roh Karunia, Penghibur, dan Penolong,
sekarang datanglah, berkat-Mu kami mohon.
Baptisan dan firman membangun umat-Mu,
supaya kami pun berbuahlah penuh.

Kaupilih umat-Mu menjadi tubuh Kristus,
kembali lahirlah umat-Mu dalam Yesus.
Di Perjamuan-Nya Kau hadir bekerja,
membuat hamba-Mu cerminan kasih-Nya.

Yang hidup oleh Roh, yang bangkit oleh firman,
dan oleh kurnia berbuah karena iman,
muliakan Allahmu dan puji kasih-Nya,
yang baru dan segar selama-lamanya."
indonesia,Kau Tak Kulupakan,Charles H. Gabriel,"Janji yang manis, ""Kau tak Kulupakan.""
Tak terombang-ambing lagi jiwaku.
Walau lembah hidupku penuh awan,
nanti kan cerahlah langit diatasku.

""Kau tidak kan Aku lupakan.
Aku membimbingmu, Aku memimpinmu.
Kau tidak kan Aku lupakan,
Aku Penolongmu, yakinlah teguh.""

Yakinkan janji, ""Kau tak Kulupakan.""
Dengan sukacita aku jalan terus.
Dunia dan kawan tiada kuharapkan,
satu yang setia Yesus Penebus.

Dan bila pintu surga dibukakan,
selesailah sudah susah dan lelah.
Kan ku dengarlah suara mengatakan,
""Hamba yang setiawan, mari masuklah."""
indonesia,Siapakah Bayi yang Tidur,William C. Dix,"Siapakah bayi yang tidur
di pelukan Maria?
Yang diberi salam malaikat
dan dijaga gembala.
Dia Kristus, Rajaku,
malak, gembala memuji.
Muliakanlah Dia,
bayi di pelukan Maria.

Mengapakah Ia terbaring
di kandang ternak hina?
Bagi manusia berdosa,
Dia rela jadi manusia.
Derita ditanggung-Nya
mengganti kita, di salib.
Mari lihatlah Dia,
Firman menjadi manusia.

Persembahkanlah pada-Nya
kemenyan, mur, dan emas.
Rajakanlah hai umat-Nya,
Dia beri keselamatan!
Nyanyikanlah pujian,
mahkotai Dia di hatimu.
Bersukacitalah
karena Kristus Yesus lahirlah."
english,What Child is This?,William C. Dix,"What child is this, who laid to rest,
on Mary's lap is sleeping;
Whom angels greet with anthems sweet,
While shepherds watch are keeping?
This, this is Christ the King,
whom shepherds guard and angels sing.
Haste, haste to bring Him laud,
The babe, the son of Mary.

Why lies He in such mean estate,
Where ox and donkeys are feeding?
Good Christians, fear, for sinners here
The silent Word is pleading.
Nails, spears shall pierce him through,
the cross he bore for me, for you.
Hail, hail the Word made flesh,
the Babe, the Son of Mary.

So bring him incense, gold, and myrrh,
Come, peasant, king, to own him.
The King of kings salvation brings,
Let loving hearts enthrone him.
Raise, raise a song on high,
the virgin sings her lullaby.
Joy, joy for Christ is born,
The babe, the Son of Mary."
indonesia,Roh Allah Maha Hidup,Daniel Iversion,"Roh Allah Maha hidup, bangkitkan rohku,
Roh Allah Maha hidup, bangkitkan rohku.
Bakar, uji, pakai daku,
Roh Allah Maha hidup, bangkitkan rohku."
english,Spirit Of The Living God,Daniel Iversion,"Spirit of the Living God, fall afresh on me,
Spirit of the Living God, fall afresh on me.
Melt me, mold me, fill me, use me,
Spirit of the Living God, fall afresh on me."
indonesia,Kupercaya Pada Yesus,Louisa M. R. Stead,"Kupercaya pada Yesus dan firman-Nya yang kekal.
Ku bersandarkan janji-Nya, turut sabda yang mulia.

Yesus, Yesus, kupercaya, selamanya setia.
Yesus, Yesus, indah mulia, percaya sebab anugerah.

Kupercaya pada Yesus, darah-Nya menyucikan.
hanya oleh karena iman, jiwaku diselamatkan.

Kupercaya pada Yesus yang menebus dosaku,
Sumber hidup, sukacita, tempat damai sentosa.

Ku bersyukur pada Yesus, Sobatku, Sang Penebus.
Selamanya Tuhan sertaku, sampai akhir hidupku."
indonesia,"Yesus, Seperti Kehendak-Mu",Benjamin Schmolck,"Yesus kehendak-Mu jadilah dalamku;
kuserahkan semua dalam tangan Bapa.
Dalam suka duka, ku tetap milik-Mu;
ajarku berseru, ""Kehendak-Mu jadilah.""

Kehendak-Mu jadi meski dalam lembah;
bila dalam dunia kualami susah.
Jangan pengharapanku jadi pudar, layu;
ku kan beserta-Mu, kehendak-Mu jadilah.

Yesus kehendak-Mu amat manis bagiku;
dunia kan berubah ku tetap sandar Hu.
Ke rumah yang mulia, ku jalan dengan terang,
hidup atau mati, kehendak-Mu jadilah."
indonesia,Datang Bersyukurlah,Martin Rinkart,"Sekarang bersyukur kepada Tuhan kita.
Sempurna dan besar segala pekerjaan-Nya;
memberkati kita dengan kasih limpah,
Sekarang dan terus, selama-lamanya.

Kiranya kasih-Nya besertaku selamanya.
Damai sukacita, hatiku disegarkan.
Dengan anugerah-Nya, aku dijaga-Nya.
Dalam dunia ini takutku lenyaplah.

Puji, bersyukurlah, kepada Bapa, Putra,
dan pada Roh Kudus yang bertakhta di surga.
Tritunggal yang Esa, disembah umat-Nya,
Dulu, kini, kelak, kekal selamanya."
indonesia,Kami Kenang Akan Tuhan,,"Kami datang ke hadirat-Mu,
kenang kan Tuhanku.
Kasih-Mu bernyala-nyala,
di dalam hatiku.

Oh, Tuhan di Getsemani,
penuh susah sedih.
Ia tanggung segala dosaku,
ku mau ingat selalu.

Bila kukenang salib-Nya,
ingatlah Golgota.
Domba Allah disembahkan,
untuk keselamatan.

Yesus telah mati bagiku,
ku mau syukur selalu.
Kini kuserahkan diri,
untuk balas Kasih."
indonesia,Bekerja Selama Siang,Annie L. Coghill,"Bekerja selama siang, tatkala fajar terang.
Jangan engkau menunggu, waktu kan lalu.
Dengar perintah Tuhanmu, berjagalah kamu.
Tak lama lagi waktu, habis kerjamu.

Bekerja selama siang, tatkala fajar terang.
Kabarkanlah Injil-Nya, selamatkan manusia.
Bertutur dan masyhurkan, keselamatan-Nya.
Tak lama lagi waktu, habis kerjamu.

Bekerja selama siang, tatkala fajar terang.
Mahkota mulia menunggu, kau dapat tentu.
Tuhan selalu membantu, serahkanlah dirimu.
Tak lama lagi waktu, habis kerjamu."
indonesia,Yesus Seperti Gembala,Dorothy A. Trupp,"Yesus seperti gembala, kami seperti domba-Nya,
dipimpin dan dijaga-Nya selama di dunia.
Tuhan Yesus, Tuhan Yesus, sekarang kami milik-Mu,
Tuhan Yesus, Tuhan Yesus, sekarang kami milik-Mu.

Tuhan sudah berjanji menerima yang berdosa dan miskin.
Tuhan memberi kelepasan yang dibelenggu dosa.
Tuhan Yesus, Tuhan Yesus, ku berpaling pada-Mu,
Tuhan Yesus, Tuhan Yesus, ku berpaling pada-Mu.

Engkaulah sahabat kami, pelindung jalan hidup.
Peliharakanlah domba-Mu dari kuasa dosa.
Tuhan Yesus, Tuhan Yesus, dengarlah doa kami,
Tuhan Yesus, Tuhan Yesus, dengarlah doa kami."
indonesia,Sandar Tuhan Selalu,Edgar P. Stites,"Sandar Tuhan selalu, sepanjang jalan hidupku;
Meski lemah imanku, ku bersandar Tuhanku.

Sampai akhir hidupku, ku bersandar Tuhanku,
dengan berani kutempuh, karena sandar Tuhanku.

Ku memohon Roh Kudus, menerangi hatiku;
Pimpin ke jalan benar, ku bersandar Tuhanku.

Jalan aman puji Dia, jalan gelap Tuhan serta;
Saat bahaya datang, ku bersandar Tuhanku."
indonesia,Makin Dekat Tuhan,Sarah F. Adams,"Makin dekat Tuhan kepada-Mu,
Salib-Mu sajalah mengangkatku.
Inilah doaku, dekat kepada-Mu.
Makin dekat Tuhan, dekat Tuhan.

Seperti pengembara dalam gelap,
Berbantal batu pun dapat terlelap.
Di dalam mimpiku, dekat kepada-Mu.
Makin dekat Tuhan, dekat Tuhan.

Jalan menuju surga terbukalah,
Sebab kasih, anugerah diberikan-Nya.
Malak menatapku, ku mendekat Tuhan.
Makin dekat Tuhan, dekat Tuhan.

Pujian kepada-Mu penuhiku,
Duka ku yang berat ku tinggalkan.
Musuh mendekatku, ku angkat Betelku.
Makin dekat Tuhan, dekat Tuhan.

Dan bila jiwaku naik ke surga,
Ku tinggalkan dunia ku senanglah.
Inilah laguku dekat kepada-Mu.
Makin dekat Tuhan, dekat Tuhan."
indonesia,Tuhan Ingat Daku,,"Bila ku ditimpa bahaya, jalan penuh duri serigala,
Ku ada ingatan indah: ""Tuhan ingat daku.""

Tuhan ingat daku, Tuhan ingat daku.
Ku tak takut, Tuhan serta, bahkan ingat daku.

Meski menderita susah, khawatir keluh tak berdaya,
Segalanya ingatkan daku: ""Tuhan ingat daku.""

Biarpun awan gumpal datang, siksa susah atau senang,
ku puaslah karena ku tahu: ""Tuhan ingat daku."""
indonesia,Kristus Tuhan Memerintah Semesta,Isaac Watts,"Kristus Tuhan, memerintah semesta,
Ia bertakhta di arasnya,
dari segala jurusan,
umat semua, muliakan Dia.

Bangsa-bangsa, raja-raja,
serta umat di dunia,
mari datang menyembah Dia,
sembah sujud, kepada-Nya.

Semua lidah puji Dia,
dengan segenap hatinya,
anak-anak masyhurkan Dia,
dan lengkaplah pujian-Nya."
english,Jesus Shall Reign Where'er the Sun,Isaac Watts,"Jesus shall reign wherever the sun
does its successive journeys run,
His Kingdom stretch from shore to shore,
till moons shall wax and wane no more.

To Him shall endless prayer be made,
and endless praises crown His head;
His name like sweet perfume shall rise
with every morning sacrifice.

People and realms of every tongue
dwell on His love with sweetest song;
and infant voices shall proclaim
their early blessings on His name.

Blessings abound wherever He reigns:
the prisoner leaps, unloosed his chains,
the weary find eternal rest,
and all the sons of want are blest.

Where He displays His healing power,
Death and the curse are known no more;
In Him the tribes of Adam boast
More blessings than their father lost.

Let every creature rise and bring
peculiar honours to our King;
angels descend with songs again,
and earth repeat the loud ""Amen!"""
indonesia,Panggilan-Mu Kami Dengar,Samuel Preiswerk,"Panggilan-Mu kami dengar ya Tuhan Yesus,
kami berdoa segera tuk panggilan kudus.
Tiap benih yang telah disebar, segera tumbuh dan memekar,
yang tak sayangkan nyawanya,
beroleh keselamatannya,
dalam Kristus, kami pun hiduplah.

Oleh karena derita-Mu, Kaubuka jalanku,
mengikut Engkau Tuhanku didorong kasih-Mu!
Sengsara-Mu bagikanlah, jalan kami menuju surga,
dengan setia melayani,
kemuliaan-Mu dipuji,
dengan setia sampai selamanya.

Bagaikan padi tertanam, Tuhanku dikubur,
dan bangkit menyelamatkan umat yang dicengkeram.
Ya Tuhan, kirim segera penabur yang telah berserah,
hidupnya untuk kuasa-Mu,
memberitakan nama-Mu,
penuh suka beritakan nama-Mu."
indonesia,Kita Pecahkan Roti,American Folk Hymn,"Kita pecahkan roti kenang Dia,
kita pecahkan roti kenang Dia.

Kita kan bertelut menyembah kepada-Nya,
O, Tuhan, berilah rahmat!

Kita ambil cawan-Nya kenang Dia,
kita ambil cawan-Nya kenang Dia.

Kita bersama puji kenang Dia,
kita bersama puji kenang Dia."
indonesia,Beritakanlah di Gunung,Traditional,"Beritakanlah di gunung, di lembah, di mana-mana,
beritakanlah di gunung, telah lahir Penebus.

O, gembala dipadang menjaga dombanya,
tiba-tiba terpancar cahaya yang mulia.

Mereka sangat takut mendengar pujian
bala tentara surga yang memuji Allah.

Telah lahir di palungan, Kristus Yesus Tuhan,
membawa kabar suka untuk segala bangsa."
indonesia,Damai di Hatiku,C. H. Morris,"Damai di hatiku bukan dari dunia,
selamanya jadi milikku.
Meski awan gelap yang menutupiku,
ku ada damai di hatiku.

Di dalam hatiku, Dia milikku.
Di dalam hatiku ada senang.
Dia tak kan tinggalkanku, inilah janji-Nya,
""Ku tak tinggalkanmu."" Dia milikku.

Damai-Nya yang indah penuhi hatiku,
umat semua memuji-Nya.
Gelap jadi terang, susah pun lenyaplah,
Yesus sumber berkat yang indah.

Damai-Nya diberi, simpan di hatiku,
hidupku senang selalu.
Kelak hari mulia, Dia kan menjemputku,
pulang surga rumah Bapaku."
indonesia,Sebagai Keledai,Stephen Tong,"Sebagai keledai kuserahkan,
pakai hamba-Mu, Tuhanku.
Ku mau taat pimpinan-Mu,
Pakai, bimbing hamba-Mu."
indonesia,Allah Maha Kuasa,Felice de Giardini,"Allah Maha Kuasa,
umat-Mu tolonglah,
memuji-Mu.
Bapa yang mulia, Raja yang berkuasa,
kami sujud sembah kepada-Mu.

Mari Firman kudus,
nyatakan kuasa-Mu,
ku berseru.
Sabda-Mu jadilah, Roh-Mu penuhilah,
Tuhan berkatilah jemaat-Mu.

Ya, Allah Roh Kudus,
teguhkan saksi-Mu,
sekarang ini.
Perintah hati ini taat kepada-Mu,
jadikan kehendak-Mu pada kami.

Allah Bapa, Putra,
dan Allah Roh Kudus,
Ketiga-Nya,
yang Maha Mulia dan Maha Perkasa,
dalam kekekalan kupuji terus."
english,Come Thou Almighty King,Felice de Giardini,"Come, Thou Almighty King,
Help us Thy name to sing,
help us to praise!
Father all glorious,
Over all victorious,
come and reign over us,
Ancient of Days!

Come, Thou incarnate Word,
Gird on Thy mighty sword,
our prayer attend.
Come and Thy people bless,
and give Thy word success,
establish Thy righteousness,
Savior and Friend!

Come, holy Comforter,
Thy sacred witness bear
in this glad hour.
Thou, who almighty art,
Now rule in every heart,
And never from us depart,
Spirit of power!

To the great One in Three,
Eternal praises be
hence evermore!
His sovereign majesty
May we in glory see,
and to eternity,
love and adore!"
indonesia,Yang Letih Datanglah Pada-Nya,Horatius Bonar,"Yang letih bergegaslah, datang pada-Nya;
yang menanggung beban berat, serahkan pada-Nya;
yang resah memohonlah kan sentosa-Nya;
yang berdosa inginkan hidup kekal-Nya.
O, Tuhanku, berikan rahmat-Mu,
dengarlah seruan anak-Mu.

Yang kecewa hatinya, mohon pada-Nya;
yang berpaling dari-Nya, cepat pulanglah!
Yang congkak bertobatlah di hadapan-Nya;
yang berdosa sadarlah, agar diampuni-Nya.

Yang mengelana rindukan rumah sanaknya;
yang menderita berharap sabda hidup-Nya;
yang tersesat hidupnya, mohon rahmat-Nya;
yang berjuang tuk menang, sandarlah pada-Nya.

Yang muda atau tua, dan anak semua,
yang percaya pada-Nya, rindu wajah-Nya,
yang menderita susah, serulah pada-Nya,
yang tak terpelihara, mohonlah pada-Nya.

O, Tuhanku, berikan rahmat-Mu,
dengarlah seruan anak-Mu. Amin."
indonesia,Tercurah Darah Tuhanku,William Cowper,"Tercurah darah Tuhanku di bukit Golgota;
yang mau bertobat, ditebus, terhapus dosanya,
terhapus dosanya, terhapus dosanya
yang mau bertobat, ditebus, terhapus dosanya.

Darah-Mu ya Anak Domba, sungguh berkuasa
sehingga selamat umat-Mu dan suci selamanya,
dan suci selamanya, dan suci selamanya,
sehingga selamat umat-Mu dan suci selamanya.

Sejak kupandang salib-Mu dengan iman teguh,
kasih-Mulah kupuji terus seumur hidupku,
seumur hidupku, seumur hidupku,
kasih-Mulah kupuji terus seumur hidupku."
indonesia,Sungguh Hidup Penebusku,J. Brown Pounds,"Sungguh hiduplah Penebusku
dan kini pun di dunia.
Sungguh hidup kekal bagiku
dan kuasa di tangan-Nya.

Sungguh-sungguh hidup Tuhanku
dan kini pun di dunia.
Sungguh-sungguh hidup bagiku
dan kuasa di tangan-Nya.

Sungguh janji-Nya terlaksana
dan firman-Nya tak binasa.
Meski maut merusak raga,
ku kan datang kepada-Nya.

Sungguh bagiku disiapkan
tempat tinggal di dekat-Nya.
Sungguh besarlah kasih Tuhan,
kelak aku dijemput-Nya."
indonesia,Ikut Dikau Saja Tuhan,Johan de Heer,"Ikut dikau saja, Tuhan, jalan damai bagiku;
Aku selamat dan sentosa hanya oleh darah-Mu.

Aku ingin ikut Dikau dan mengabdi pada-Mu;
dalam Dikau, Juruselamat, ku bahagia penuh!

Ikut Dikau di sengsara, karena janji-Mu teguh;
atas kuasa kegelapan ku menang bersama-Mu.

Ikut dan menyangkal diri, aku buang yang fana;
hanya turut kehendak-Mu dan pada-Mu berserah.

Ikut dalam kesucian, lahir batin yang bersih;
aku rindu mengikuti teladan yang Kauberi."
indonesia,Maukah Engkau Menang,C. S. Kauffman,"Maukah engkau menang atas tiap musuh
Kalahkan cobaan di dalam dunia
Lawan pencobaan, setiap hari
Selalu dekat Yesus, Dia peliharamu

Selalu dekat Yesus, sepanjang hidupmu.
Tiada yang memisahkan, kau dari-Nya
Susah atau senang atau apa pun,
Selalu dekat Yesus, Dia peliharamu.

Banyak yang bersedih dan putus asa
Penghiburan damai sedang ditunggu
Bawa sukacita pada mereka
Selalu dekat Yesus, Dia peliharamu

Tiap harikah engkau bertemu Tuhan?
Menikmati Dia beri kemurahan
Mendengar firman-Nya, doa tak jemu
Selalu dekat Yesus, Dia peliharamu."
english,Keep In Touch With Jesus,C. S. Kauffman,"Would you be a victor over every foe,
Conquer every trial in this world below;
Overcome temptations that each day you meet?
Keep in touch with Jesus; He will keep you sweet.

Keep in touch with Jesus, though the path be dim;
Let no cloud nor shadow sever you from Him.
Joy or sorrow greet you, friend or foe you meet,
Keep in touch with Jesus; He will keep you sweet.

Many hearts are brokenâ€”oft an aching breast
Waits the message spoken that will give it rest;
You perhaps can bring them joy and peace complete,
Keep in touch with Jesus; He will keep you sweet.

Would you have communion with your Lord each day,
Have a blessed union with Him all the way;
Praying without ceasing, learning at His feet?
Keep in touch with Jesus; He will keep you sweet."
indonesia,Ku Rindu Kerajaan-Mu,Timothy Dwight,"Ku rindu Kerajaan-Mu,
tempat Kau bertakhta,
gereja yang telah Kau tebus
dengan darah kudus.

Ku cinta gereja-Mu
yang selalu Kau pimpin,
seperti biji mata Tuhan
Kau beri pengasihan.

Doa kupanjatkan
atas gereja-Mu,
melayani di rumah-Mu
sepanjang umurku.

Dengan sukacita
ku kan persembahkan
perjamuan, janji kudus,
pujian, dan kasih.

Kebenaran-Mulah
menetap di Sion,
cahaya mulia milik dunia
takluk pada surga."
indonesia,Alam Semesta Memuliakan Allah,Joseph Addison,"Alam semesta yang luas,
cakrawala yang membentang,
bintang di langit bersinar,
surya beri terang, musim berganti.
Memasyhurkan ciptaan-Nya,
yang menyatakan kuasa-Nya,
dan hikmat-Nya Maha Besar,
nyatalah pada umat-Nya.

Sejak dulu tak bersurut,
kisah lama dituturkan,
surya, bulan dicipta-Nya,
alam semesta dan isinya.
Allah yang menghaturkannya,
bergemerlapan di langit,
yang memuji Sang Pencipta,
bersaksi pada umat-Nya.

Malam sunyi tetap hening,
bintang-bintang lintas lalu,
tetap terang dan bersinar,
sejak dulu tak berubah.
Tertampak wajah serinya,
terdengar kidung puji Dia,
Maha ajaib dan heranlah,
karya Allah Sang Pencipta."
indonesia,Muka Dengan Muka,Carrie E. Breck,"Muka dengan muka nanti, tampak Tuhan padaku.
Sangat indah dan mulia Yesus Juruselamatku.

Muka dengan muka nyata wajah Yesus bagiku.
Agung sungguh dan mulia, Tuhan Yesus Rajaku.

Sekarang tirai menutupi wajah Yesus bagiku,
tapi nanti akan nyata kemuliaan Tuhanku.

Sukacita tak terhingga di hadapan Rajaku,
bila saatnya telah tiba, ku melihat Tuhanku."
indonesia,Ya Anak Kecil,Jerman 1650,"Ya Anak kecil, ya Anak lembut,
Engkau diutus Bapa-Mu
Dan dari surga mulia Kau jadi hamba terendah,
Ya Anak kecil, ya Anak lembut

Ya Anak kecil, ya Anak lembut,
segala dosa Kautebus;
Kau hantar kami, umat-Mu, ke hadapan Tuhan Allah,
Ya Anak kecil, ya Anak lembut.

Ya Anak kecil, ya Anak lembut,
Kau turun dari takhta-Mu;
Engkau beri bahagia pengganti duka dunia,
Ya Anak kecil, ya Anak lembut.

Ya Anak kecil, ya Anak lembut,
Kau citra kasih Bapa-Mu;
nurani kami bakarlah dengan kasih-Mu selamanya,
ya Anak kecil, ya Anak lembut.

Ya Anak kecil, ya Anak lembut,
pada-Mu kami bertelut,
sejiwa raga milik-Mu dan serahkan diri pada-Mu,
ya Anak kecil, ya Anak lembut."
indonesia,Roti Hidup Jiwa,Mary A. Lathbury; A. Groves,"Roti hidup jiwa, Kau Tuhanku,
Bagikanlah kepada murid-Mu.
Seberang kitab kudus, kucari Hu.
Ku rindu pada-Mu Firman hidup.

Berkati firman-Mu di dalamku,
melimpah, memberkati umat-Mu.
Belenggu dan ikatan dilepaskan;
Tuhan sumber hidup memberi tenteram.

Yesus roti hidup, bekal diri,
Pecahkan tubuh-Nya lambang roti.
Jiwaku puaslah bersama-Nya.
Korbankan diri-Nya, ku hiduplah.

Roh Hu bekerjalah di dalamku,
membuka mata serta hatiku.
Kebenaran firman-Mu nyatakanlah,
menuntun diriku kenal Tuhan."
indonesia,Yesus Aku Berjanji,John E. Bode,"Yesus, aku berjanji menjadi hamba-Mu.
Tinggallah dekat aku, Tuhan sahabatku.
Tiada aku takut kan bahaya dahsyat;
jikalau Tuhan pimpin, tiada ku sesat.

Ya, Yesus, kepadaku berikanlah sabda-Mu.
Suara-Mu yang lembut tenangkan hatiku.
Hiburkan daku selalu, ku mau taat pada-Mu.
Firman-Mu beri tuntunan, Kaulah pelindungku.

Tuhan sudah berjanji, segala yang setia
kelak akan disambut ikut masuk surga.
Dan aku pun berjanji pada-Mu mengabdi,
kiranya kelak ku ikut ke surga abadi."
indonesia,Berilah Hormat pada Hu,,"Berilah hormat pada Hu, berilah hormat pada Allah
Berilah hormat pada Hu, patut pujilah terus.
Puji Allah Pemberi berkat,
puji Allah segala bangsa
puji Allah yang tertinggi,
puji Bapa Putra dan Roh.

Berilah hormat pada Hu, berilah hormat pada Hu
Mulia, mulia, mulia, mulia, berilah hormat pada-Nya.
Mulia, mulia, mulia, mulia, berilah hormat pada-Nya."
english,Glory To God In The Highest,,"Glory to God in the highest! Glory to God! Glory to God!
Glory to God in the highest! Shall be our song today;
Another year's rich mercies
prove His ceaseless care and boundless love;
So let our loudest voices raise
our glad and grateful song of praise.

Glory to God in the highest! Glory to God in the highest!
Glory, glory, glory, glory, Glory be to God on high!
Glory, glory, glory, glory, Glory be to God on high!

Glory to God in the highest! Glory to God! Glory to God!
Glory to God in the highest! Shall be our song today;
O, may we, an unbroken band,
around the throne of Jesus stand,
And there with angels and the throng,
of His redeemed ones, join the song."
indonesia,Yesus Sahabat Sejati,Joseph Scriven,"Yesus sahabat sejati yang memberikan sentosa
Tiap hal boleh kubawa dalam doa pada-Nya
Bila hatiku gelisah aku salah dan lemah
karena lalai serahkan hidup dalam doa pada-Nya

Jika oleh pencobaan kacau balau hidupmu
Jangan lagi putus asa pada Tuhan berseru
Yesus kawan yang setia tidak ada taranya
Ia tahu kelemahanmu naikkan doa pada-Nya

Adakah hatimu susah berbeban serta lelah
Yesuslah pelindung kita naikkan doa pada-Nya
Walau handai tak setia Yesus kawan yang baka
Ia mau menghibur kita naikkan doa pada-Nya."
indonesia,Telah Tumbuh Tunas Baru,German Carol 15th c.,"Telah tumbuh tunas baru, di keturunan Daud
Yang pada masa lalu nabi bernubuat
Sekarang telah genap, terang kasih-Nya bersinar
Di tengah malam gelap.

Ini maksud Yesaya dengan nubuatnya
Lahir seorang Putera, Maria bunda-Nya
Mari sambut Dia, lahir di malam senyap
Juruselamat dunia.

Kemuliaan-Nya yang megah terangi dunia ini
Keharuman merekah memenuhi bumi
Dia selamatkan kita sungguhlah Dia Tuhan
Dan sungguh manusia."
indonesia,Iman Umat-Mu Yang Hidup,Frederick W.,"Iman umat-Mu hidup terus,
walau pedang mengancamnya.
Hati kami pun bersuka,
mendengar iman hidup terus.
Iman umat-Mu yang kudus,
sampai akhir ku setia terus.

Pahlawan iman yang dibelenggu,
hati, akalnya tak terbelenggu.
Berbahagia mengikut-Nya,
rela mati untuk Tuhan.

Iman umat-Mu hidup terus,
mengalahkan godaan dunia.
Kuasa kebenaran firman
membebaskan umat Tuhan.

Iman umat-Mu yang tulus
mengasihi sesamanya.
Tutur kata dan perbuatan
menyatakan kasih Tuhan."
indonesia,Adakah Tempat bagi Yesus?,Daniel W. Whittle,"Adakah tempat buat Yesus,
Dia yang memikul dosamu.
Ia ketuk pintu hatimu,
apakah kau terima Dia?

Tempat bagi Tuhan Yesus,
taatlah kan firman-Nya,
Bukalah pintu hatimu,
selagi berkesempatan.

Kau beri tempat bagi dunia,
tak beri tempat bagi Kristus.
Dalam hati Ia kan masuk,
bagimu Ia tersalib.

Adakah tempat buat Yesus,
Ia memanggil sekali lagi.
hari ini untuk terima,
besok kau kan terlambat."
indonesia,"Tunjukkan Jalan-Mu, O Tuhanku",B. Mansell Ramsey,"Tunjukkan jalan-Mu, o, Tuhanku!
Mohon Kau pimpinku ke jalan-Mu!
Ke jalan yang lurus, memandang Tuhanku,
terang surga pimpinku ke jalan-Mu.

Sewaktu ku susah, tiada senang,
Kau yang memimpinku ke jalan-Mu!
Saat ku sendiri, dan ku tak mengerti,
mohon Kau pimpinku ke jalan-Mu.

Saat awan gelap, ku takutlah,
mohon Kau pimpinku ke jalan-Mu!
Cerah atau hujan, jalan tak menentu,
mohon Kau pimpinku ke jalan-Mu.

Ajalku tibalah, kan jumpa-Mu,
tetap Kau pimpinku ke jalan-Mu!
Sampai hidup usai, mahkota menunggu,
mohon Kau pimpinku ke jalan-Mu."
indonesia,Kasih Allah,F. M. Lehman,"Kasih Allah amat besar dan tak dapat dilukiskan,
lebih tinggi dari bintang namun mencapai dunia,
mengaruniakan Anak-Nya, memberi kemenangan,
Mendamaikan dan mengampuni orang-orang berdosa.

Kasih-Nya Hu tak terduga, betapa kayanya,
Tetap dinyanyikan malaikat dan orang suci-Nya.

Walau dengan dawat selaut, langit dijadikan kertas,
tiap batang sebagai pena dan tiap orang penulis,
tak mungkin akan menuliskan kasih Allah yang besar,
Langit dari timur ke barat tak akan memuatnya.

Yang bercacat dikasihani, diampuni, disembuhkan.
Kasih Allah tak terbatas, kau pun dapat menikmati.
Walau dunia ini berakhir dan kuasanya lenyap,
Kasih Allah tetaplah teguh kekal selama-lamanya."
indonesia,Tuhan Menjagamu,Civilia D. Martin,"Apa pun juga menimpamu, Tuhan menjagamu
Kasih-Nya memeliharamu, Tuhan menjagamu

Tuhan menjagamu, waktu tenang atau gamang
Tuhan kan menjagamu, sepanjang hidupmu.

Meski gagal dalam kerjamu, Tuhan menjagamu
Dan bahaya menghadang jalanmu, Tuhan menjagamu

Tuhan sediakan yang kau perlu, Tuhan menjagamu
Dan didengarkan-Nya doamu, Tuhan menjagamu

Ujian apa pun yang kau tempuh, Tuhan menjagamu
Sandar Tuhan jangan kau ragu, Tuhan menjagamu"
indonesia,Bernyanyilah Merdu,"Jerman, Latin abad 14-15","Bernyanyilah merdu penuh dengan syukur
Juruselamat dunia dan Surya Hidupmu
Terbaring di palungan di malam yang kudus
Yesus Penebus, Yesus Penebus

O Bayi yang lemah, hatiku hiburlah
Berikanlah berkat-Mu curahkan kurnia
Dan bimbinglah jalanku di dalam dunia
Raja Mulia, Raja Mulia

Pada-Mu yang lembut ku datang bertelut
Kau menangguung dosa seluruh umat-Mu
Dan Kau beri Sentosa mengganti kemelut
Ku sembah sujud, ku sembah sujud

Di Surga bergema, nyanyian Gloria
Segenap malaikat memuji Tuhannya
Sejahtera dan selamat mengisi dunia
Selama-lamanya, selama-lamanya"
indonesia,Jadilah Visiku,Mary E. Bryne; Eleanor H. Hull,"Kaulah, ya Tuhan, Surya hidupku
Asal kau ada, yang lain tak perlu
Siang dan malam Engkau kukenang
Di hadirat-Mu jiwaku tenang

Kaulah Hikmatku, Firman hidupku
Kau besertaku dan ku serta-Mu
Engkau Bapaku, aku anak-Mu
Dengan-Mu, Tuhan, ku satu penuh

Kaulah bagiku tempat berteduh
Kaulah perisai dan benteng teguh
Sukacitaku kekal dalam-Mu
Kuasa surgawi, Engkau kuasaku

Tak kuhiraukan pujian fana,
Hanya Engkaulah pusaka baka
Raja di surga, Engkau bagiku
Harta abadi bahagia penuh

Bila saatnya kelak ku menang
Terimalah daku di surga cerlang
Apa pun kini hendak kutemu
Kaulah ya Tuhan Surya hidupku."
english,Be Thou My Vision,Mary E. Bryne; Eleanor H. Hull,"Be Thou my Vision, O Lord of my heart;
be all else but naught to me, save that Thou art;
Thou my best thought by day or by night,
Waking and sleeping, Thy presence my light.

Be Thou my Wisdom, and Thou my true Word;
I ever with Thee, and Thou with me, Lord;
Thou my great Father, and I Thy true son;
Thou in me dwelling, and I with Thee one.

Be Thou my battle shield, Sword for the fight;
be Thou my Dignity, Thou my delight
Thou my soul's Shelter, Thou my high Tower,
Raise Thou me heavenward, O Power of my power.

Riches I heed not, nor man's empty praise;
Thou mine inheritance, now and always;
Thou and Thou only, first in my heart,
High King of heaven, my Treasure Thou art.

High King of heaven, my victory won,
May I reach Heaven's joys, O bright Heaven's Sun
Heart of my own heart, whatever befall,
still be my vision, O Ruler of all."
indonesia,Pakailah Waktumu,William D. Longstaff,"Pakailah waktumu, doa pada-Nya,
carilah Tuhanmu, terima firman-Nya.
Kasihi umat-Nya, tolong yang lemah,
jangan kau lupakan doa pada-Nya.

Pakailah waktumu, dekat pada-Nya,
untuk bersekutu bersama Tuhan.
Pandanglah wajah-Nya, lebih mirip Dia,
nyatakan kasihmu dalam hidupmu.

Pakailah waktumu, ikut Tuhanmu,
sepanjang hidupmu jalan serta-Nya.
Suka atau duka, tetap ikut Dia,
pandanglah Tuhanmu, sandar pada-Nya.

Pakailah waktumu, tenangkan jiwa,
tiap motif, pikiran Dia kendalikan.
Ke dalam kasih-Nya Roh-Nya memimpin,
agar pelayananmu menyenangkan-Nya."
english,Take Time To Be Holy,William D. Longstaff,"Take time to be holy,
speak oft with thy Lord;
Abide in Him always,
and feed on His Word.
Make friends of God's children,
help those who are weak,
Forgetting in nothing
His blessing to seek.

Take time to be holy,
the world rushes on;
Spend much time in secret,
with Jesus alone.
By looking to Jesus,
like Him thou shalt be;
Thy friends in thy conduct
His likeness shall see.

Take time to be holy,
let Him be thy Guide;
And run not before Him,
whatever betide.
In joy or in sorrow,
still follow the Lord,
And, looking to Jesus,
still trust in His Word.

Take time to be holy,
be calm in thy soul,
Each thought and each motive
beneath His control.
Thus led by His Spirit
to fountains of love,
Thou soon shalt be fitted
for service above."
indonesia,Juruselamat Yang Ajaib,Elisha A. Hoffman,"Kristus menebus dosaku, Juruselamat yang Ajaib
Kubebaslah dari dosa, Juruselamat yang Ajaib

Betapa ajaib Yesus Tuhan Juruselamat
Juruselamat yang ajaib Tuhanku Yesus.

Darah Yesus membersihkan, Juruselamat yang Ajaib
Jiwaku pun diterima-Nya, Juruselamat yang Ajaib

Hatiku disucikan-Nya, Juruselamat yang Ajaib
Dia memerintah hidupku, Juruselamat yang Ajaib

Ku diberi-Nya kekuatan, Juruselamat yang Ajaib
Dan menang atas cobaan, Juruselamat yang Ajaib"
indonesia,Sudahkah yang Terbaik Kuberikan?,Ensign Edwin Young,"Sudahkah yang terbaik kuberikan
kepada Yesus, Tuhanku?
Besar pengorbanan-Nya di Kalvari!
Diharap-Nya terbaik dariku.

Berapa yang terhilang telah kucari,
dan kulepaskan yang terbelenggu?
Sudahkah yang terbaik kuberikan
kepada Yesus, Tuhanku?

Begitu banyak waktu yang kupunya,
sedikit kuberi pada-Nya.
Karena ku kurang mengasihi Yesus,
mungkinkah hancur pula hati-Nya?

Telah kuperhatikankah sesama,
atau kubiarkan binasa?
Ku patut menghantarnya pada Kristus
dan kasih Tuhan harus kusebar.

Tak lagi ku tinggal di dalam dosa,
ku ingin memberitakannya.
Tentang kasih Juruselamat yang kekal,
pada dunia yang sedang binasa."